"","date","location","new_cases","new_deaths","total_cases","total_deaths","recover","total_recover","icu","support","import"
"1",2019-12-31,"Malaysia",0,0,0,0,0,0,0,0,0
"2",2020-01-01,"Malaysia",0,0,0,0,0,0,0,0,0
"3",2020-01-02,"Malaysia",0,0,0,0,0,0,0,0,0
"4",2020-01-03,"Malaysia",0,0,0,0,0,0,0,0,0
"5",2020-01-04,"Malaysia",0,0,0,0,0,0,0,0,0
"6",2020-01-05,"Malaysia",0,0,0,0,0,0,0,0,0
"7",2020-01-06,"Malaysia",0,0,0,0,0,0,0,0,0
"8",2020-01-07,"Malaysia",0,0,0,0,0,0,0,0,0
"9",2020-01-08,"Malaysia",0,0,0,0,0,0,0,0,0
"10",2020-01-09,"Malaysia",0,0,0,0,0,0,0,0,0
"11",2020-01-10,"Malaysia",0,0,0,0,0,0,0,0,0
"12",2020-01-11,"Malaysia",0,0,0,0,0,0,0,0,0
"13",2020-01-12,"Malaysia",0,0,0,0,0,0,0,0,0
"14",2020-01-13,"Malaysia",0,0,0,0,0,0,0,0,0
"15",2020-01-14,"Malaysia",0,0,0,0,0,0,0,0,0
"16",2020-01-15,"Malaysia",0,0,0,0,0,0,0,0,0
"17",2020-01-16,"Malaysia",0,0,0,0,0,0,0,0,0
"18",2020-01-17,"Malaysia",0,0,0,0,0,0,0,0,0
"19",2020-01-18,"Malaysia",0,0,0,0,0,0,0,0,0
"20",2020-01-19,"Malaysia",0,0,0,0,0,0,0,0,0
"21",2020-01-20,"Malaysia",0,0,0,0,0,0,0,0,0
"22",2020-01-21,"Malaysia",0,0,0,0,0,0,0,0,0
"23",2020-01-22,"Malaysia",0,0,0,0,0,0,0,0,0
"24",2020-01-23,"Malaysia",0,0,0,0,0,0,0,0,0
"25",2020-01-24,"Malaysia",3,0,3,0,0,0,0,0,3
"26",2020-01-25,"Malaysia",1,0,4,0,0,0,0,0,1
"27",2020-01-26,"Malaysia",0,0,4,0,0,0,0,0,0
"28",2020-01-27,"Malaysia",0,0,4,0,0,0,0,0,0
"29",2020-01-28,"Malaysia",3,0,7,0,0,0,0,0,3
"30",2020-01-29,"Malaysia",0,0,7,0,0,0,0,0,0
"31",2020-01-30,"Malaysia",1,0,8,0,0,0,0,0,1
"32",2020-01-31,"Malaysia",0,0,8,0,0,0,0,0,0
"33",2020-02-01,"Malaysia",0,0,8,0,0,0,0,0,0
"34",2020-02-02,"Malaysia",0,0,8,0,0,0,0,0,0
"35",2020-02-03,"Malaysia",0,0,8,0,1,1,0,0,0
"36",2020-02-04,"Malaysia",2,0,10,0,0,1,0,0,1
"37",2020-02-05,"Malaysia",2,0,12,0,0,1,0,0,2
"38",2020-02-06,"Malaysia",2,0,14,0,0,1,0,0,2
"39",2020-02-07,"Malaysia",1,0,15,0,1,2,0,0,1
"40",2020-02-08,"Malaysia",1,0,16,0,1,3,0,0,0
"41",2020-02-09,"Malaysia",2,0,18,0,0,3,0,0,1
"42",2020-02-10,"Malaysia",0,0,18,0,0,3,0,0,0
"43",2020-02-11,"Malaysia",0,0,18,0,0,3,0,0,0
"44",2020-02-12,"Malaysia",0,0,18,0,0,3,0,0,0
"45",2020-02-13,"Malaysia",1,0,19,0,4,7,0,0,1
"46",2020-02-14,"Malaysia",2,0,21,0,0,7,0,0,2
"47",2020-02-15,"Malaysia",1,0,22,0,1,8,0,0,1
"48",2020-02-16,"Malaysia",0,0,22,0,1,9,0,0,0
"49",2020-02-17,"Malaysia",0,0,22,0,4,13,0,0,0
"50",2020-02-18,"Malaysia",0,0,22,0,4,17,0,0,0
"51",2020-02-19,"Malaysia",0,0,22,0,0,17,0,0,0
"52",2020-02-20,"Malaysia",0,0,22,0,0,17,0,0,0
"53",2020-02-21,"Malaysia",0,0,22,0,0,17,0,0,0
"54",2020-02-22,"Malaysia",0,0,22,0,1,18,0,0,0
"55",2020-02-23,"Malaysia",0,0,22,0,2,20,0,0,0
"56",2020-02-24,"Malaysia",0,0,22,0,0,20,0,0,0
"57",2020-02-25,"Malaysia",0,0,22,0,0,20,0,0,0
"58",2020-02-26,"Malaysia",0,0,22,0,2,22,0,0,0
"59",2020-02-27,"Malaysia",1,0,23,0,0,22,0,0,0
"60",2020-02-28,"Malaysia",2,0,25,0,0,22,0,0,0
"61",2020-02-29,"Malaysia",0,0,25,0,0,22,0,0,0
"62",2020-03-01,"Malaysia",4,0,29,0,0,22,0,0,0
"63",2020-03-02,"Malaysia",0,0,29,0,0,22,0,0,0
"64",2020-03-03,"Malaysia",7,0,36,0,0,22,0,0,0
"65",2020-03-04,"Malaysia",14,0,50,0,0,22,0,0,0
"66",2020-03-05,"Malaysia",0,0,50,0,0,22,0,0,0
"67",2020-03-06,"Malaysia",33,0,83,0,1,23,0,0,0
"68",2020-03-07,"Malaysia",10,0,93,0,0,23,0,0,0
"69",2020-03-08,"Malaysia",6,0,99,0,1,24,0,0,0
"70",2020-03-09,"Malaysia",18,0,117,0,0,24,0,0,0
"71",2020-03-10,"Malaysia",12,0,129,0,1,25,0,0,0
"72",2020-03-11,"Malaysia",20,0,149,0,1,26,2,2,0
"73",2020-03-12,"Malaysia",9,0,158,0,6,32,3,3,0
"74",2020-03-13,"Malaysia",39,0,197,0,1,33,4,4,0
"75",2020-03-14,"Malaysia",41,0,238,0,2,35,5,5,0
"76",2020-03-15,"Malaysia",190,0,428,0,7,42,9,9,0
"77",2020-03-16,"Malaysia",125,0,553,0,0,42,12,12,0
"78",2020-03-17,"Malaysia",120,2,673,2,7,49,12,12,0
"79",2020-03-18,"Malaysia",117,0,790,2,11,60,15,15,0
"80",2020-03-19,"Malaysia",110,0,900,2,15,75,20,20,0
"81",2020-03-20,"Malaysia",130,0,1030,2,12,87,26,26,0
"82",2020-03-21,"Malaysia",153,2,1183,4,27,114,37,23,0
"83",2020-03-22,"Malaysia",123,6,1306,10,25,139,46,22,0
"84",2020-03-23,"Malaysia",212,4,1518,14,20,159,57,27,0
"85",2020-03-24,"Malaysia",106,1,1624,15,24,183,64,27,0
"86",2020-03-25,"Malaysia",172,4,1796,19,16,199,45,34,0
"87",2020-03-26,"Malaysia",235,4,2031,23,16,215,45,32,0
"88",2020-03-27,"Malaysia",130,3,2161,26,44,259,54,34,0
"89",2020-03-28,"Malaysia",159,1,2320,27,61,320,73,54,0
"90",2020-03-29,"Malaysia",150,7,2470,34,68,388,73,52,0
"91",2020-03-30,"Malaysia",156,3,2626,37,91,479,94,62,0
"92",2020-03-31,"Malaysia",140,6,2766,43,58,537,94,60,0
"93",2020-04-01,"Malaysia",142,2,2908,45,108,645,102,66,0
"94",2020-04-02,"Malaysia",208,5,3116,50,122,767,105,54,0
"95",2020-04-03,"Malaysia",217,3,3333,53,60,827,108,54,0
"96",2020-04-04,"Malaysia",150,4,3483,57,88,915,99,50,8
"97",2020-04-05,"Malaysia",179,4,3662,61,90,1005,99,48,8
"98",2020-04-06,"Malaysia",131,1,3793,62,236,1241,102,54,8
"99",2020-04-07,"Malaysia",170,1,3963,63,80,1321,92,50,8
"100",2020-04-08,"Malaysia",156,2,4119,65,166,1487,76,45,8
"101",2020-04-09,"Malaysia",109,2,4228,67,121,1608,72,43,8
"102",2020-04-10,"Malaysia",118,3,4346,70,222,1830,69,40,8
"103",2020-04-11,"Malaysia",184,3,4530,73,165,1995,72,38,8
"104",2020-04-12,"Malaysia",153,3,4683,76,113,2108,66,37,8
"105",2020-04-13,"Malaysia",134,1,4817,77,168,2276,66,36,8
"106",2020-04-14,"Malaysia",170,5,4987,82,202,2478,60,33,8
"107",2020-04-15,"Malaysia",85,1,5072,83,169,2647,56,32,8
"108",2020-04-16,"Malaysia",110,1,5182,84,119,2766,56,29,8
"109",2020-04-17,"Malaysia",69,2,5251,86,201,2967,51,26,8
"110",2020-04-18,"Malaysia",54,2,5305,88,135,3102,49,26,8
"111",2020-04-19,"Malaysia",84,1,5389,89,95,3197,46,26,8
"112",2020-04-20,"Malaysia",36,0,5425,89,98,3295,45,28,8
"113",2020-04-21,"Malaysia",57,3,5482,92,54,3349,43,27,18
"114",2020-04-22,"Malaysia",50,1,5532,93,103,3452,43,25,0
"115",2020-04-23,"Malaysia",71,2,5603,95,90,3542,42,21,0
"116",2020-04-24,"Malaysia",88,1,5691,96,121,3663,41,18,13
"117",2020-04-25,"Malaysia",51,2,5742,98,99,3762,36,16,3
"118",2020-04-26,"Malaysia",38,0,5780,98,100,3862,36,15,5
"119",2020-04-27,"Malaysia",40,1,5820,99,95,3957,37,17,5
"120",2020-04-28,"Malaysia",31,1,5851,100,75,4032,36,17,10
"121",2020-04-29,"Malaysia",94,0,5945,100,55,4087,40,18,72
"122",2020-04-30,"Malaysia",57,2,6002,102,84,4171,36,14,25
"123",2020-05-01,"Malaysia",69,1,6071,103,39,4210,37,14,12
"124",2020-05-02,"Malaysia",105,0,6176,103,116,4326,31,12,11
"125",2020-05-03,"Malaysia",122,2,6298,105,87,4413,27,13,52
"126",2020-05-04,"Malaysia",55,0,6353,105,71,4484,28,13,7
"127",2020-05-05,"Malaysia",30,1,6383,106,83,4567,24,8,0
"128",2020-05-06,"Malaysia",45,1,6428,107,135,4702,22,9,1
"129",2020-05-07,"Malaysia",39,0,6467,107,74,4776,19,8,1
"130",2020-05-08,"Malaysia",68,0,6535,107,88,4864,18,7,4
"131",2020-05-09,"Malaysia",54,1,6589,108,65,4929,18,6,1
"132",2020-05-10,"Malaysia",67,0,6656,108,96,5025,18,6,0
"133",2020-05-11,"Malaysia",70,1,6726,109,88,5113,20,7,13
"134",2020-05-12,"Malaysia",16,0,6742,109,110,5223,16,3,3
"135",2020-05-13,"Malaysia",37,2,6779,111,58,5281,16,4,4
"136",2020-05-14,"Malaysia",40,1,6819,112,70,5351,16,4,0
"137",2020-05-15,"Malaysia",36,0,6855,112,88,5439,14,5,1
"138",2020-05-16,"Malaysia",17,1,6872,113,73,5512,13,5,6
"139",2020-05-17,"Malaysia",22,0,6894,113,59,5571,13,7,5
"140",2020-05-18,"Malaysia",47,0,6941,113,44,5615,13,6,21
"141",2020-05-19,"Malaysia",37,1,6978,114,31,5646,11,6,2
"142",2020-05-20,"Malaysia",31,0,7009,114,60,5706,11,7,10
"143",2020-05-21,"Malaysia",50,0,7059,114,90,5796,10,7,3
"144",2020-05-22,"Malaysia",78,1,7137,115,63,5859,9,5,25
"145",2020-05-23,"Malaysia",48,0,7185,115,53,5912,9,5,4
"146",2020-05-24,"Malaysia",60,0,7245,115,33,5945,9,4,7
"147",2020-05-25,"Malaysia",172,0,7417,115,34,5979,8,4,5
"148",2020-05-26,"Malaysia",187,0,7604,115,62,6041,8,5,10
"149",2020-05-27,"Malaysia",15,0,7619,115,42,6083,8,4,6
"150",2020-05-28,"Malaysia",10,0,7629,115,86,6169,8,4,0
"151",2020-05-29,"Malaysia",103,0,7732,115,66,6235,8,2,7
"152",2020-05-30,"Malaysia",30,0,7762,115,95,6330,9,2,3
"153",2020-05-31,"Malaysia",57,0,7819,115,23,6353,9,2,10
"154",2020-06-01,"Malaysia",38,0,7857,115,51,6404,8,2,26
"155",2020-06-02,"Malaysia",20,0,7877,115,66,6470,6,2,15
"156",2020-06-03,"Malaysia",93,0,7970,115,61,6531,6,2,0
"157",2020-06-04,"Malaysia",277,0,8247,115,28,6559,6,2,2
"158",2020-06-05,"Malaysia",19,1,8266,116,51,6610,6,1,7
"159",2020-06-06,"Malaysia",37,1,8303,117,25,6635,5,0,8
"160",2020-06-07,"Malaysia",19,0,8322,117,39,6674,5,0,6
"161",2020-06-08,"Malaysia",7,0,8329,117,20,6694,6,1,2
"162",2020-06-09,"Malaysia",7,0,8336,117,281,6975,6,1,6
"163",2020-06-10,"Malaysia",2,1,8338,118,39,7014,5,0,1
"164",2020-06-11,"Malaysia",31,0,8369,118,51,7065,5,0,11
"165",2020-06-12,"Malaysia",33,1,8402,119,103,7168,4,0,16
"166",2020-06-13,"Malaysia",43,1,8445,120,143,7311,4,0,5
"167",2020-06-14,"Malaysia",8,1,8453,121,35,7346,4,0,2
"168",2020-06-15,"Malaysia",41,0,8494,121,54,7400,4,0,3
"169",2020-06-16,"Malaysia",11,0,8505,121,333,7733,4,0,1
"170",2020-06-17,"Malaysia",10,0,8515,121,140,7873,4,0,0
"171",2020-06-18,"Malaysia",14,0,8529,121,127,8000,4,0,3
"172",2020-06-19,"Malaysia",6,0,8535,121,70,8070,3,0,2
"173",2020-06-20,"Malaysia",21,0,8556,121,76,8146,3,0,2
"174",2020-06-21,"Malaysia",16,0,8572,121,10,8156,3,0,3
"175",2020-06-22,"Malaysia",15,0,8587,121,21,8177,2,0,2
"176",2020-06-23,"Malaysia",3,0,8590,121,9,8186,3,0,0
"177",2020-06-24,"Malaysia",6,0,8596,121,45,8231,2,0,2
"178",2020-06-25,"Malaysia",4,0,8600,121,40,8271,2,0,3
"179",2020-06-26,"Malaysia",6,0,8606,121,23,8294,2,0,5
"180",2020-06-27,"Malaysia",10,0,8616,121,14,8308,2,0,4
"181",2020-06-28,"Malaysia",18,0,8634,121,10,8318,2,0,4
"182",2020-06-29,"Malaysia",3,0,8637,121,16,8334,4,1,1
"183",2020-06-30,"Malaysia",2,0,8639,121,20,8354,4,1,1
"184",2020-07-01,"Malaysia",1,0,8640,121,21,8375,4,2,1
"185",2020-07-02,"Malaysia",3,0,8643,121,62,8437,2,2,1
"186",2020-07-03,"Malaysia",5,0,8648,121,9,8446,2,2,3
"187",2020-07-04,"Malaysia",10,0,8658,121,15,8461,2,2,7
"188",2020-07-05,"Malaysia",5,0,8663,121,4,8465,2,2,3
"189",2020-07-06,"Malaysia",5,0,8668,121,11,8476,2,2,3
"190",2020-07-07,"Malaysia",6,0,8674,121,5,8481,2,2,4
"191",2020-07-08,"Malaysia",3,0,8677,121,5,8486,2,1,3
"192",2020-07-09,"Malaysia",6,0,8683,121,13,8499,2,1,6
"193",2020-07-10,"Malaysia",13,0,8696,121,12,8511,2,2,8
"194",2020-07-11,"Malaysia",8,1,8704,122,4,8515,3,2,4
"195",2020-07-12,"Malaysia",14,0,8718,122,4,8519,3,2,3
"196",2020-07-13,"Malaysia",7,0,8725,122,1,8520,4,3,6
"197",2020-07-14,"Malaysia",4,0,8729,122,4,8524,6,2,4
"198",2020-07-15,"Malaysia",5,0,8734,122,2,8526,5,1,1
"199",2020-07-16,"Malaysia",3,0,8737,122,12,8538,3,1,1
"200",2020-07-17,"Malaysia",18,0,8755,122,3,8541,3,0,10
"201",2020-07-18,"Malaysia",9,0,8764,122,5,8546,1,0,4
"202",2020-07-19,"Malaysia",15,1,8779,123,7,8553,2,1,4
"203",2020-07-20,"Malaysia",21,0,8800,123,2,8555,3,1,6
"204",2020-07-21,"Malaysia",15,0,8815,123,7,8562,4,1,4
"205",2020-07-22,"Malaysia",16,0,8831,123,4,8566,5,1,8
"206",2020-07-23,"Malaysia",9,0,8840,123,8,8574,5,2,3
"207",2020-07-24,"Malaysia",21,0,8861,123,3,8577,5,2,5
"208",2020-07-25,"Malaysia",23,0,8884,123,17,8594,3,2,6
"209",2020-07-26,"Malaysia",13,1,8897,124,6,8600,2,1,3
"210",2020-07-27,"Malaysia",7,0,8904,124,1,8601,0,0,4
"211",2020-07-28,"Malaysia",39,0,8943,124,6,8607,1,1,11
"212",2020-07-29,"Malaysia",13,0,8956,124,5,8612,2,1,8
"213",2020-07-30,"Malaysia",8,0,8964,124,5,8617,3,1,3
"214",2020-07-31,"Malaysia",12,1,8976,125,27,8644,3,1,5
"215",2020-08-01,"Malaysia",9,0,8985,125,3,8647,2,1,7
"216",2020-08-02,"Malaysia",14,0,8999,125,17,8664,2,1,1
"217",2020-08-03,"Malaysia",2,0,9001,125,4,8668,1,0,0
"218",2020-08-04,"Malaysia",1,0,9002,125,16,8684,0,0,0
"219",2020-08-05,"Malaysia",21,0,9023,125,18,8702,2,0,15
"220",2020-08-06,"Malaysia",15,0,9038,125,11,8713,2,1,5
"221",2020-08-07,"Malaysia",25,0,9063,125,15,8728,2,1,9
"222",2020-08-08,"Malaysia",7,0,9070,125,47,8775,2,1,6
"223",2020-08-09,"Malaysia",13,0,9083,125,9,8784,1,0,9
"224",2020-08-10,"Malaysia",11,0,9094,125,19,8803,1,0,5
"225",2020-08-11,"Malaysia",9,0,9103,125,6,8809,2,0,5
"226",2020-08-12,"Malaysia",11,0,9114,125,8,8817,1,0,8
"227",2020-08-13,"Malaysia",15,0,9129,125,4,8821,2,0,4
"228",2020-08-14,"Malaysia",20,0,9149,125,7,8828,4,1,7
"229",2020-08-15,"Malaysia",26,0,9175,125,3,8831,6,1,3
"230",2020-08-16,"Malaysia",25,0,9200,125,28,8859,7,2,16
"231",2020-08-17,"Malaysia",12,0,9212,125,17,8876,8,2,2
"232",2020-08-18,"Malaysia",7,0,9219,125,26,8902,8,2,4
"233",2020-08-19,"Malaysia",16,0,9235,125,23,8925,7,3,4
"234",2020-08-20,"Malaysia",5,0,9240,125,7,8932,7,4,5
"235",2020-08-21,"Malaysia",9,0,9249,125,13,8945,7,4,4
"236",2020-08-22,"Malaysia",8,0,9257,125,4,8949,8,4,3
"237",2020-08-23,"Malaysia",10,0,9267,125,10,8959,9,4,8
"238",2020-08-24,"Malaysia",7,0,9274,125,6,8965,8,5,2
"239",2020-08-25,"Malaysia",11,0,9285,125,6,8971,8,6,2
"240",2020-08-26,"Malaysia",6,0,9291,125,7,8978,9,6,1
"241",2020-08-27,"Malaysia",5,0,9296,125,16,8994,8,6,2
"242",2020-08-28,"Malaysia",10,0,9306,125,36,9030,8,6,8
"243",2020-08-29,"Malaysia",11,0,9317,125,8,9038,8,6,10
"244",2020-08-30,"Malaysia",17,1,9334,126,10,9048,7,5,15
"245",2020-08-31,"Malaysia",6,1,9340,127,6,9054,6,4,4
"246",2020-09-01,"Malaysia",14,1,9354,128,21,9075,5,3,5
"247",2020-09-02,"Malaysia",6,0,9360,128,4,9079,4,3,4
"248",2020-09-03,"Malaysia",14,0,9374,128,4,9083,4,3,4
"249",2020-09-04,"Malaysia",11,0,9385,128,9,9092,4,3,7
"250",2020-09-05,"Malaysia",6,0,9391,128,21,9113,5,3,4
"251",2020-09-06,"Malaysia",6,0,9397,128,2,9115,6,3,3
"252",2020-09-07,"Malaysia",62,0,9459,128,9,9124,6,4,6
"253",2020-09-08,"Malaysia",100,0,9559,128,12,9136,7,4,15
"254",2020-09-09,"Malaysia",24,0,9583,128,7,9143,7,4,6
"255",2020-09-10,"Malaysia",45,0,9628,128,24,9167,9,5,1
"256",2020-09-11,"Malaysia",182,0,9810,128,14,9181,9,5,1
"257",2020-09-12,"Malaysia",58,0,9868,128,8,9189,9,5,5
"258",2020-09-13,"Malaysia",47,0,9915,128,7,9196,9,4,2
"259",2020-09-14,"Malaysia",31,0,9946,128,7,9203,11,5,3
"260",2020-09-15,"Malaysia",23,0,9969,128,6,9209,14,4,10
"261",2020-09-16,"Malaysia",62,0,10031,128,26,9235,15,3,1
"262",2020-09-17,"Malaysia",21,0,10052,128,15,9250,13,2,5
"263",2020-09-18,"Malaysia",95,1,10147,129,14,9264,11,2,4
"264",2020-09-19,"Malaysia",20,1,10167,130,51,9315,12,2,3
"265",2020-09-20,"Malaysia",52,0,10219,130,40,9355,10,2,12
"266",2020-09-21,"Malaysia",57,0,10276,130,40,9395,9,2,6
"267",2020-09-22,"Malaysia",82,0,10358,130,168,9563,9,2,10
"268",2020-09-23,"Malaysia",147,3,10505,133,39,9602,8,2,4
"269",2020-09-24,"Malaysia",71,0,10576,133,64,9666,6,2,2
"270",2020-09-25,"Malaysia",111,0,10687,133,30,9696,4,3,4
"271",2020-09-26,"Malaysia",82,0,10769,133,89,9785,8,4,3
"272",2020-09-27,"Malaysia",150,1,10919,134,50,9835,6,4,4
"273",2020-09-28,"Malaysia",115,0,11034,134,54,9889,8,5,3
"274",2020-09-29,"Malaysia",101,0,11135,134,50,9939,13,5,4
"275",2020-09-30,"Malaysia",89,2,11224,136,28,9967,16,3,3
"276",2020-10-01,"Malaysia",260,0,11484,136,47,10014,20,3,1
"277",2020-10-02,"Malaysia",287,0,11771,136,81,10095,22,4,0
"278",2020-10-03,"Malaysia",317,1,12088,137,121,10216,29,4,0
"279",2020-10-04,"Malaysia",293,0,12381,137,67,10283,28,4,1
"280",2020-10-05,"Malaysia",432,0,12813,137,57,10340,32,8,3
"281",2020-10-06,"Malaysia",691,4,13504,141,87,10427,31,8,3
"282",2020-10-07,"Malaysia",489,0,13993,141,74,10501,40,13,2
"283",2020-10-08,"Malaysia",375,5,14368,146,18,10519,60,20,4
"284",2020-10-09,"Malaysia",354,6,14722,152,188,10707,68,25,2
"285",2020-10-10,"Malaysia",374,3,15096,155,73,10780,73,28,2
"286",2020-10-11,"Malaysia",561,2,15657,157,133,10913,90,29,8
"287",2020-10-12,"Malaysia",563,2,16220,159,109,11022,98,29,1
"288",2020-10-13,"Malaysia",660,4,16880,163,350,11372,101,32,2
"289",2020-10-14,"Malaysia",660,4,17540,167,233,11605,108,35,6
"290",2020-10-15,"Malaysia",589,3,18129,170,409,12014,103,31,3
"291",2020-10-16,"Malaysia",629,6,18758,176,245,12259,99,31,2
"292",2020-10-17,"Malaysia",869,4,19627,180,302,12561,91,30,0
"293",2020-10-18,"Malaysia",871,7,20498,187,701,13262,86,28,5
"294",2020-10-19,"Malaysia",865,3,21363,190,455,13717,99,32,7
"295",2020-10-20,"Malaysia",862,3,22225,193,634,14351,95,29,2
"296",2020-10-21,"Malaysia",732,6,22957,199,580,14931,102,31,8
"297",2020-10-22,"Malaysia",847,5,23804,204,486,15417,90,29,5
"298",2020-10-23,"Malaysia",710,10,24514,214,467,15884,90,28,1
"299",2020-10-24,"Malaysia",1228,7,25742,221,671,16555,92,31,11
"300",2020-10-25,"Malaysia",823,8,26565,229,579,17134,99,30,0
"301",2020-10-26,"Malaysia",1240,7,27805,236,691,17825,94,31,2
"302",2020-10-27,"Malaysia",835,2,28640,238,674,18499,89,32,5
"303",2020-10-28,"Malaysia",801,8,29441,246,573,19072,94,25,2
"304",2020-10-29,"Malaysia",649,0,30090,246,685,19757,106,23,7
"305",2020-10-30,"Malaysia",799,3,30889,249,491,20248,90,20,0
"306",2020-10-31,"Malaysia",659,0,31548,249,1000,21248,83,19,1
"307",2020-11-01,"Malaysia",957,0,32505,249,972,22220,97,27,0
"308",2020-11-02,"Malaysia",834,2,33339,251,900,23120,91,32,3
"309",2020-11-03,"Malaysia",1054,12,34393,263,875,23995,94,32,14
"310",2020-11-04,"Malaysia",1032,8,35425,271,820,24815,82,27,3
"311",2020-11-05,"Malaysia",1009,6,36434,277,839,25654,78,28,9
"312",2020-11-06,"Malaysia",1755,2,38189,279,726,26380,83,32,3
"313",2020-11-07,"Malaysia",1168,3,39357,282,1029,27409,87,32,0
"314",2020-11-08,"Malaysia",852,4,40209,286,825,28234,94,32,13
"315",2020-11-09,"Malaysia",972,8,41181,294,1345,29579,86,31,5
"316",2020-11-10,"Malaysia",869,6,42050,300,725,30304,82,27,1
"317",2020-11-11,"Malaysia",822,2,42872,302,769,31073,86,30,7
"318",2020-11-12,"Malaysia",919,1,43791,303,996,32069,92,35,0
"319",2020-11-13,"Malaysia",1304,1,45095,304,900,32969,96,39,4
"320",2020-11-14,"Malaysia",1114,2,46209,306,803,33772,103,43,2
"321",2020-11-15,"Malaysia",1208,3,47417,309,1013,34785,104,42,6
"322",2020-11-16,"Malaysia",1103,4,48520,313,821,35606,102,39,1
"323",2020-11-17,"Malaysia",1210,5,49730,318,1018,36624,105,40,19
"324",2020-11-18,"Malaysia",660,4,50390,322,630,37254,103,41,4
"325",2020-11-19,"Malaysia",1290,4,51680,326,878,38132,110,37,5
"326",2020-11-20,"Malaysia",958,3,52638,329,956,39088,110,42,5
"327",2020-11-21,"Malaysia",1041,3,53679,332,1405,40493,108,45,2
"328",2020-11-22,"Malaysia",1096,3,54775,335,1104,41597,106,46,6
"329",2020-11-23,"Malaysia",1884,2,56659,337,883,42480,115,48,2
"330",2020-11-24,"Malaysia",2188,4,58847,341,1673,44153,112,49,0
"331",2020-11-25,"Malaysia",970,4,59817,345,2348,46501,110,47,5
"332",2020-11-26,"Malaysia",935,3,60752,348,2555,49056,110,45,4
"333",2020-11-27,"Malaysia",1109,2,61861,350,1148,50204,113,41,10
"334",2020-11-28,"Malaysia",1315,4,63176,354,1110,51314,118,43,5
"335",2020-11-29,"Malaysia",1309,3,64485,357,1333,52647,116,42,1
"336",2020-11-30,"Malaysia",1212,3,65697,360,2112,54759,113,42,9
"337",2020-12-01,"Malaysia",1472,3,67169,363,1552,56311,120,44,5
"338",2020-12-02,"Malaysia",851,2,68020,365,658,56969,122,47,4
"339",2020-12-03,"Malaysia",1075,11,69095,376,948,57917,116,46,3
"340",2020-12-04,"Malaysia",1141,0,70236,376,1144,59061,129,53,3
"341",2020-12-05,"Malaysia",1123,4,71359,380,1143,60204,130,54,5
"342",2020-12-06,"Malaysia",1335,2,72694,382,1069,61273,126,57,3
"343",2020-12-07,"Malaysia",1600,2,74294,384,1033,62306,129,57,3
"344",2020-12-08,"Malaysia",1012,4,75306,388,1750,64056,126,62,7
"345",2020-12-09,"Malaysia",959,5,76265,393,1068,65124,127,61,6
"346",2020-12-10,"Malaysia",2234,3,78499,396,1112,66236,124,60,5
"347",2020-12-11,"Malaysia",1810,6,80309,402,937,67173,123,63,11
"348",2020-12-12,"Malaysia",1937,9,82246,411,911,68084,121,66,2
"349",2020-12-13,"Malaysia",1229,4,83475,415,1309,69393,115,65,2
"350",2020-12-14,"Malaysia",1371,4,84846,419,1204,70597,114,62,1
"351",2020-12-15,"Malaysia",1772,3,86618,422,1084,71681,118,56,12
"352",2020-12-16,"Malaysia",1295,7,87913,429,1052,72733,113,53,10
"353",2020-12-17,"Malaysia",1220,3,89133,432,1297,74030,106,53,6
"354",2020-12-18,"Malaysia",1683,0,90816,432,1214,75244,106,51,8
"355",2020-12-19,"Malaysia",1153,1,91969,433,998,76242,112,56,2
"356",2020-12-20,"Malaysia",1340,4,93309,437,1067,77309,116,57,3
"357",2020-12-21,"Malaysia",2018,1,95327,438,1084,78393,109,55,7
"358",2020-12-22,"Malaysia",2062,1,97389,439,911,79304,111,51,4
"359",2020-12-23,"Malaysia",1348,5,98737,444,710,80014,102,44,16
"360",2020-12-24,"Malaysia",1581,2,100318,446,1085,81099,102,45,2
"361",2020-12-25,"Malaysia",1247,3,101565,449,1441,82540,108,47,2
"362",2020-12-26,"Malaysia",2335,2,103900,451,874,83414,108,50,11
"363",2020-12-27,"Malaysia",1196,1,105096,452,997,84411,111,50,5
"364",2020-12-28,"Malaysia",1594,3,106690,455,1181,85592,116,53,3
"365",2020-12-29,"Malaysia",1925,2,108615,457,1123,86715,117,55,10
"366",2020-12-30,"Malaysia",1870,6,110485,463,745,87460,131,62,2
"367",2020-12-31,"Malaysia",2525,8,113010,471,1481,88941,131,60,13
"368",2021-01-01,"Malaysia",2068,3,115078,474,2230,91171,126,54,2
"369",2021-01-02,"Malaysia",2295,9,117373,483,3321,94492,125,51,9
"370",2021-01-03,"Malaysia",1704,11,119077,494,2726,97218,124,51,5
"371",2021-01-04,"Malaysia",1741,7,120818,501,1010,98228,122,53,8
"372",2021-01-05,"Malaysia",2027,8,122845,509,1221,99449,123,52,16
"373",2021-01-06,"Malaysia",2593,4,125438,513,1129,100578,141,67,4
"374",2021-01-07,"Malaysia",3027,8,128465,521,2145,102723,142,63,6
"375",2021-01-08,"Malaysia",2643,16,131108,537,2708,105431,170,82,2
"376",2021-01-09,"Malaysia",2451,5,133559,542,1401,106832,177,82,5
"377",2021-01-10,"Malaysia",2433,9,135992,551,1277,108109,171,76,7
"378",2021-01-11,"Malaysia",2232,4,138224,555,1006,109115,187,87,6
"379",2021-01-12,"Malaysia",3309,4,141533,559,1469,110584,190,83,6
"380",2021-01-13,"Malaysia",2985,4,144518,563,994,111578,197,79,2
"381",2021-01-14,"Malaysia",3337,15,147855,578,1710,113288,195,86,7
"382",2021-01-15,"Malaysia",3211,8,151066,586,1939,115227,204,87,5
"383",2021-01-16,"Malaysia",4029,8,155095,594,2148,117375,205,79,8
"384",2021-01-17,"Malaysia",3339,7,158434,601,2676,120051,240,93,15
"385",2021-01-18,"Malaysia",3306,4,161740,605,2293,122344,226,94,7
"386",2021-01-19,"Malaysia",3631,14,165371,619,2944,125288,238,96,7
"387",2021-01-20,"Malaysia",4008,11,169379,630,2374,127662,246,96,5
"388",2021-01-21,"Malaysia",3170,12,172549,642,2490,130152,260,103,8
"389",2021-01-22,"Malaysia",3631,18,176180,660,2554,132706,251,102,6
"390",2021-01-23,"Malaysia",4275,7,180455,667,4313,137019,260,103,11
"391",2021-01-24,"Malaysia",3346,11,183801,678,4427,141446,265,102,7
"392",2021-01-25,"Malaysia",3048,11,186849,689,3638,145084,261,101,8
"393",2021-01-26,"Malaysia",3585,11,190434,700,4076,149160,280,111,2
"394",2021-01-27,"Malaysia",3680,7,194114,707,1858,151018,314,122,7
"395",2021-01-28,"Malaysia",4094,10,198208,717,3281,154299,303,118,8
"396",2021-01-29,"Malaysia",5725,16,203933,733,3423,157722,301,115,7
"397",2021-01-30,"Malaysia",5728,13,209661,746,3805,161527,319,120,5
"398",2021-01-31,"Malaysia",5298,14,214959,760,4522,166049,313,127,3
"399",2021-02-01,"Malaysia",4214,10,219173,770,4280,170329,316,137,9
"400",2021-02-02,"Malaysia",3455,21,222628,791,3661,173990,327,145,5
"401",2021-02-03,"Malaysia",4284,18,226912,809,3804,177794,307,141,6
"402",2021-02-04,"Malaysia",4571,17,231483,826,4092,181886,308,135,3
"403",2021-02-05,"Malaysia",3391,19,234874,845,3392,185278,310,134,4
"404",2021-02-06,"Malaysia",3847,12,238721,857,1692,186970,305,139,4
"405",2021-02-07,"Malaysia",3731,15,242452,872,3369,190339,292,140,8
"406",2021-02-08,"Malaysia",3100,24,245552,896,2340,192679,282,134,1
"407",2021-02-09,"Malaysia",2764,13,248316,909,3887,196566,289,127,6
"408",2021-02-10,"Malaysia",3288,14,251604,923,1929,198495,285,131,5
"409",2021-02-11,"Malaysia",3384,13,254988,936,3774,202269,259,122,15
"410",2021-02-12,"Malaysia",3318,17,258306,953,3505,205774,258,119,7
"411",2021-02-13,"Malaysia",3499,5,261805,958,3515,209289,263,118,1
"412",2021-02-14,"Malaysia",2464,7,264269,965,4525,213814,260,111,3
"413",2021-02-15,"Malaysia",2176,10,266445,975,4521,218335,260,112,1
"414",2021-02-16,"Malaysia",2720,8,269165,983,5718,224053,253,118,0
"415",2021-02-17,"Malaysia",2998,22,272163,1005,5709,229762,231,115,7
"416",2021-02-18,"Malaysia",2712,25,274875,1030,5320,235082,227,103,4
"417",2021-02-19,"Malaysia",2936,13,277811,1043,4889,239971,220,104,17
"418",2021-02-20,"Malaysia",2461,8,280272,1051,4782,244753,207,91,0
"419",2021-02-21,"Malaysia",3297,5,283569,1056,4456,249209,209,91,6
"420",2021-02-22,"Malaysia",2192,6,285761,1062,3414,252623,199,91,3
"421",2021-02-23,"Malaysia",2468,14,288229,1076,4055,256678,196,92,4
"422",2021-02-24,"Malaysia",3545,12,291774,1088,3331,260009,189,88,1
"423",2021-02-25,"Malaysia",1924,12,293698,1100,3752,263761,205,91,6
"424",2021-02-26,"Malaysia",2253,11,295951,1111,3085,266846,201,93,7
"425",2021-02-27,"Malaysia",2364,10,298315,1121,3320,270166,190,99,1
"426",2021-02-28,"Malaysia",2437,9,300752,1130,3251,273417,202,93,2
"427",2021-03-01,"Malaysia",1828,5,302580,1135,2486,275903,198,90,7
"428",2021-03-02,"Malaysia",1555,6,304135,1141,2528,278431,204,96,3
"429",2021-03-03,"Malaysia",1745,7,305880,1148,2276,280707,195,95,2
"430",2021-03-04,"Malaysia",2063,5,307943,1153,2922,283629,193,99,9
"431",2021-03-05,"Malaysia",2154,6,310097,1159,3275,286904,184,87,5
"432",2021-03-06,"Malaysia",1680,7,311777,1166,2548,289452,172,84,3
"433",2021-03-07,"Malaysia",1683,3,313460,1169,2506,291958,174,81,10
"434",2021-03-08,"Malaysia",1529,8,314989,1177,2076,294034,160,79,9
"435",2021-03-09,"Malaysia",1280,9,316269,1186,2345,296379,155,76,2
"436",2021-03-10,"Malaysia",1448,5,317717,1191,2137,298516,151,72,10
"437",2021-03-11,"Malaysia",1647,9,319364,1200,2104,300620,147,61,5
"438",2021-03-12,"Malaysia",1575,3,320939,1203,2042,302662,147,67,7
"439",2021-03-13,"Malaysia",1470,3,322409,1206,1830,304492,162,70,12
"440",2021-03-14,"Malaysia",1354,4,323763,1210,1782,306274,158,71,14
"441",2021-03-15,"Malaysia",1208,3,324971,1213,1973,308247,155,70,9
"442",2021-03-16,"Malaysia",1063,5,326034,1218,1365,309612,152,68,4
"443",2021-03-17,"Malaysia",1219,2,327253,1220,1346,310958,154,64,7
"444",2021-03-18,"Malaysia",1213,3,328466,1223,1503,312461,155,54,6
"445",2021-03-19,"Malaysia",1576,2,330042,1225,1996,314457,151,57,11
"446",2021-03-20,"Malaysia",1671,4,331713,1229,1585,316042,151,64,2
"447",2021-03-21,"Malaysia",1327,4,333040,1233,1247,317289,154,65,11
"448",2021-03-22,"Malaysia",1116,5,334156,1238,1495,318784,156,60,8
"449",2021-03-23,"Malaysia",1384,6,335540,1244,1058,319842,148,62,9
"450",2021-03-24,"Malaysia",1268,2,336808,1246,1083,320925,161,73,5
"451",2021-03-25,"Malaysia",1360,2,338168,1248,1491,322416,157,72,1
"452",2021-03-26,"Malaysia",1275,1,339443,1249,1509,323925,161,70,32
"453",2021-03-27,"Malaysia",1199,2,340642,1251,1257,325182,167,72,5
"454",2021-03-28,"Malaysia",1302,4,341944,1255,1127,326309,169,76,9
"455",2021-03-29,"Malaysia",941,5,342885,1260,1097,327406,166,73,8
"456",2021-03-30,"Malaysia",1133,5,344018,1265,1148,328554,161,76,8
"457",2021-03-31,"Malaysia",1482,7,345500,1272,1070,329624,164,81,2
"458",2021-04-01,"Malaysia",1178,6,346678,1278,1377,331001,163,81,20
"459",2021-04-02,"Malaysia",1294,5,347972,1283,1442,332443,168,78,26
"460",2021-04-03,"Malaysia",1638,3,349610,1286,1449,333892,167,81,7
"461",2021-04-04,"Malaysia",1349,2,350959,1288,1270,335162,186,94,7
"462",2021-04-05,"Malaysia",1070,7,352029,1295,1294,336456,180,89,9
"463",2021-04-06,"Malaysia",1300,5,353329,1300,1412,337868,189,88,24
"464",2021-04-07,"Malaysia",1139,4,354468,1304,1199,339067,194,86,13
"465",2021-04-08,"Malaysia",1285,4,355753,1308,1175,340242,186,81,17
"466",2021-04-09,"Malaysia",1854,5,357607,1313,1247,341489,169,79,20
"467",2021-04-10,"Malaysia",1510,8,359117,1321,1248,342737,194,81,5
"468",2021-04-11,"Malaysia",1739,8,360856,1329,1216,343953,183,81,8
"469",2021-04-12,"Malaysia",1317,4,362173,1333,1052,345005,188,84,12
"470",2021-04-13,"Malaysia",1767,12,363940,1345,1290,346295,199,82,9
"471",2021-04-14,"Malaysia",1889,8,365829,1353,1485,347780,204,79,6
"472",2021-04-15,"Malaysia",2148,10,367977,1363,1259,349039,212,82,19
"473",2021-04-16,"Malaysia",2551,2,370528,1365,1524,350563,227,91,29
"474",2021-04-17,"Malaysia",2331,5,372859,1370,1832,352395,225,92,12
"475",2021-04-18,"Malaysia",2195,8,375054,1378,1427,353822,219,90,10
"476",2021-04-19,"Malaysia",2078,8,377132,1386,1402,355224,228,93,13
"477",2021-04-20,"Malaysia",2341,3,379473,1389,1592,356816,249,95,7
"478",2021-04-21,"Malaysia",2340,11,381813,1400,1910,358726,248,101,12
"479",2021-04-22,"Malaysia",2875,7,384688,1407,2541,361267,248,115,29
"480",2021-04-23,"Malaysia",2847,8,387535,1415,2341,363608,260,125,4
"481",2021-04-24,"Malaysia",2717,11,390252,1426,2292,365900,272,124,26
"482",2021-04-25,"Malaysia",2690,10,392942,1436,1853,367753,283,121,10
"483",2021-04-26,"Malaysia",2776,13,395718,1449,1803,369556,300,133,3
"484",2021-04-27,"Malaysia",2733,13,398451,1462,2019,371575,294,138,5
"485",2021-04-28,"Malaysia",3142,15,401593,1477,1822,373397,306,151,13
"486",2021-04-29,"Malaysia",3332,15,404925,1492,1943,375340,309,147,9
"487",2021-04-30,"Malaysia",3788,14,408713,1506,2640,377980,328,161,2
"488",2021-05-01,"Malaysia",2881,15,411594,1521,2462,380442,337,176,16
"489",2021-05-02,"Malaysia",3418,12,415012,1533,2698,383140,345,175,10
"490",2021-05-03,"Malaysia",2500,18,417512,1551,2068,385208,352,186,4
"491",2021-05-04,"Malaysia",3120,23,420632,1574,2334,387542,338,181,6
"492",2021-05-05,"Malaysia",3744,17,424376,1591,2304,389846,328,185,7
"493",2021-05-06,"Malaysia",3551,19,427927,1610,2709,392555,354,199,16
"494",2021-05-07,"Malaysia",4498,22,432425,1632,3449,396004,372,211,5
"495",2021-05-08,"Malaysia",4519,25,436944,1657,2719,398723,393,210,5
"496",2021-05-09,"Malaysia",3733,26,440677,1683,3211,401934,416,216,6
"497",2021-05-10,"Malaysia",3807,17,444484,1700,3454,405388,434,224,5
"498",2021-05-11,"Malaysia",3973,22,448457,1722,2848,408236,453,244,5
"499",2021-05-12,"Malaysia",4765,39,453222,1761,3124,411360,469,244,7
"500",2021-05-13,"Malaysia",4855,27,458077,1788,3347,414707,481,247,3
"501",2021-05-14,"Malaysia",4113,34,462190,1822,4190,418897,482,250,1
"502",2021-05-15,"Malaysia",4140,44,466330,1866,3432,422329,503,272,9
"503",2021-05-16,"Malaysia",3780,36,470110,1902,3990,426319,520,272,2
"504",2021-05-17,"Malaysia",4446,45,474556,1947,2784,429103,522,273,3
"505",2021-05-18,"Malaysia",4865,47,479421,1994,3497,432600,531,277,5
"506",2021-05-19,"Malaysia",6075,46,485496,2040,3516,436116,559,303,3
"507",2021-05-20,"Malaysia",6806,59,492302,2099,3916,440032,587,330,2
"508",2021-05-21,"Malaysia",6493,50,498795,2149,4508,444540,643,363,2
"509",2021-05-22,"Malaysia",6320,50,505115,2199,4694,449234,652,370,3
"510",2021-05-23,"Malaysia",6976,49,512091,2248,3587,452821,681,361,5
"511",2021-05-24,"Malaysia",6509,61,518600,2309,3452,456273,711,369,20
"512",2021-05-25,"Malaysia",7289,60,525889,2369,3789,460062,726,373,4
"513",2021-05-26,"Malaysia",7478,63,533367,2432,4665,464727,756,377,5
"514",2021-05-27,"Malaysia",7857,59,541224,2491,4598,469325,771,392,8
"515",2021-05-28,"Malaysia",8290,61,549514,2552,4814,474139,808,403,2
"516",2021-05-29,"Malaysia",9020,98,558534,2650,5527,479666,844,430,5
"517",2021-05-30,"Malaysia",6999,79,565533,2729,5121,484787,846,419,4
"518",2021-05-31,"Malaysia",6824,67,572357,2796,5251,490038,851,422,3
"519",2021-06-01,"Malaysia",7105,71,579462,2867,6083,496121,872,419,2
"520",2021-06-02,"Malaysia",7703,126,587165,2993,5777,501898,878,441,2
"521",2021-06-03,"Malaysia",8209,103,595374,3096,7049,508947,880,446,64
"522",2021-06-04,"Malaysia",7748,86,603122,3182,6624,515571,883,459,2
"523",2021-06-05,"Malaysia",7452,109,610574,3291,6105,521676,886,446,8
"524",2021-06-06,"Malaysia",6241,87,616815,3378,5133,526809,890,444,14
"525",2021-06-07,"Malaysia",5271,82,622086,3460,7548,534357,902,447,14
"526",2021-06-08,"Malaysia",5566,76,627652,3536,6962,541319,903,458,4
"527",2021-06-09,"Malaysia",6239,75,633891,3611,7386,548705,905,453,11
"528",2021-06-10,"Malaysia",5671,73,639562,3684,7325,556030,911,462,8
"529",2021-06-11,"Malaysia",6849,84,646411,3768,7749,563779,912,458,4
"530",2021-06-12,"Malaysia",5793,76,652204,3844,8334,572113,914,459,6
"531",2021-06-13,"Malaysia",5304,64,657508,3908,8163,580276,917,452,5
"532",2021-06-14,"Malaysia",4949,60,662457,3968,6588,586864,921,459,6
"533",2021-06-15,"Malaysia",5419,101,667876,4069,6831,593695,922,450,6
"534",2021-06-16,"Malaysia",5150,73,673026,4142,7240,600935,924,453,3
"535",2021-06-17,"Malaysia",5738,60,678764,4202,7530,608465,909,441,3
"536",2021-06-18,"Malaysia",6440,74,685204,4276,6861,615326,894,451,5
"537",2021-06-19,"Malaysia",5911,72,691115,4348,6918,622244,886,441,1
"538",2021-06-20,"Malaysia",5293,60,696408,4408,5941,628185,880,454,7
"539",2021-06-21,"Malaysia",4611,69,701019,4477,5439,633624,880,452,8
"540",2021-06-22,"Malaysia",4743,77,705762,4554,5557,639181,875,445,2
"541",2021-06-23,"Malaysia",5244,83,711006,4637,6372,645553,879,433,7
"542",2021-06-24,"Malaysia",5841,84,716847,4721,5411,650964,869,438,8
"543",2021-06-25,"Malaysia",5812,82,722659,4803,6775,657739,870,433,32
"544",2021-06-26,"Malaysia",5803,81,728462,4884,5193,662932,866,435,10
"545",2021-06-27,"Malaysia",5586,60,734048,4944,4777,667709,886,446,4
"546",2021-06-28,"Malaysia",5218,57,739266,5001,4744,672453,899,451,7
"547",2021-06-29,"Malaysia",6437,107,745703,5108,5298,677751,905,455,14
"548",2021-06-30,"Malaysia",6276,62,751979,5170,4929,682680,905,452,16
"549",2021-07-01,"Malaysia",6988,84,758967,5254,5580,688260,917,445,5
"550",2021-07-02,"Malaysia",6982,73,765949,5327,6278,694538,905,443,3
"551",2021-07-03,"Malaysia",6658,107,772607,5434,5677,700215,892,443,11
"552",2021-07-04,"Malaysia",6045,63,778652,5497,5271,705486,917,443,20
"553",2021-07-05,"Malaysia",6387,77,785039,5574,4532,710018,923,433,26
"554",2021-07-06,"Malaysia",7654,103,792693,5677,4797,714815,943,450,11
"555",2021-07-07,"Malaysia",7097,91,799790,5768,4863,719678,948,441,26
"556",2021-07-08,"Malaysia",8868,135,808658,5903,5802,725480,952,445,10
"557",2021-07-09,"Malaysia",9180,77,817838,5980,5713,731193,959,465,7
"558",2021-07-10,"Malaysia",9353,87,827191,6067,5910,737103,959,451,11
"559",2021-07-11,"Malaysia",9105,91,836296,6158,5194,742297,961,455,18
"560",2021-07-12,"Malaysia",8574,102,844870,6260,5041,747338,964,452,40
"561",2021-07-13,"Malaysia",11079,125,855949,6385,5990,753328,972,456,27
"562",2021-07-14,"Malaysia",11618,118,867567,6503,6377,759705,878,432,26
"563",2021-07-15,"Malaysia",13215,110,880782,6613,6095,765800,885,432,13
"564",2021-07-16,"Malaysia",12541,115,893323,6728,6742,772542,896,459,16
"565",2021-07-17,"Malaysia",12528,138,905851,6866,6629,779171,908,425,19
"566",2021-07-18,"Malaysia",10710,153,916561,7019,5778,784949,909,445,12
"567",2021-07-19,"Malaysia",10972,129,927533,7148,6439,791388,915,435,48
"568",2021-07-20,"Malaysia",12366,93,939899,7241,7567,798955,924,448,8
"569",2021-07-21,"Malaysia",11985,199,951884,7440,7902,806857,927,459,7
"570",2021-07-22,"Malaysia",13034,134,964918,7574,8436,815293,938,459,25
"571",2021-07-23,"Malaysia",15573,144,980491,7718,10094,825387,939,456,32
"572",2021-07-24,"Malaysia",15902,184,996393,7902,9471,834858,950,468,26
"573",2021-07-25,"Malaysia",17045,92,1013438,7994,9683,844541,970,501,6
"574",2021-07-26,"Malaysia",14516,207,1027954,8201,9372,853913,1009,524,3
"575",2021-07-27,"Malaysia",16117,207,1044071,8408,11526,865439,1023,524,26
"576",2021-07-28,"Malaysia",17405,143,1061476,8551,12373,877812,1016,529,6
"577",2021-07-29,"Malaysia",17170,174,1078646,8725,12930,890742,1043,531,32
"578",2021-07-30,"Malaysia",16840,134,1095486,8859,12179,902921,1055,532,17
"579",2021-07-31,"Malaysia",17786,165,1113272,9024,11718,914639,1062,534,9
"580",2021-08-01,"Malaysia",17150,160,1130422,9184,11326,925965,1059,531,1
"581",2021-08-02,"Malaysia",15764,219,1146186,9403,11767,937732,1063,532,6
"582",2021-08-03,"Malaysia",17105,195,1163291,9598,12297,950029,1066,537,37
"583",2021-08-04,"Malaysia",19819,257,1183110,9855,12704,962733,1069,553,23
"584",2021-08-05,"Malaysia",20596,164,1203706,10019,13893,976626,1078,549,34
"585",2021-08-06,"Malaysia",20889,160,1224595,10179,16394,993020,1096,545,13
"586",2021-08-07,"Malaysia",19257,210,1243852,10389,16323,1009343,1097,575,16
"587",2021-08-08,"Malaysia",18688,360,1262540,10749,17055,1026398,1095,571,10
"588",2021-08-09,"Malaysia",17236,212,1279776,10961,15187,1041585,1095,579,29
"589",2021-08-10,"Malaysia",19991,201,1299767,11162,16258,1057843,1096,570,0
"590",2021-08-11,"Malaysia",20780,211,1320547,11373,17973,1075816,1053,546,15
"591",2021-08-12,"Malaysia",21668,318,1342215,11691,17687,1093503,1059,543,58
"592",2021-08-13,"Malaysia",21468,277,1363683,11968,17025,1110528,1075,537,25
"593",2021-08-14,"Malaysia",20670,260,1384353,12228,17655,1128183,1096,540,8
"594",2021-08-15,"Malaysia",20546,282,1404899,12510,16945,1145128,1059,526,14
"595",2021-08-16,"Malaysia",19740,274,1424639,12784,17450,1162578,1047,520,19
"596",2021-08-17,"Malaysia",19631,293,1444270,13077,16468,1179046,1054,525,7
"597",2021-08-18,"Malaysia",22242,225,1466512,13302,19680,1198726,1060,540,4
"598",2021-08-19,"Malaysia",22948,178,1489460,13480,21720,1220446,1060,528,9
"599",2021-08-20,"Malaysia",23564,233,1513024,13713,21448,1241894,1062,518,23
"600",2021-08-21,"Malaysia",22262,223,1535286,13936,18576,1260470,1035,513,40
"601",2021-08-22,"Malaysia",19807,232,1555093,14168,18200,1278670,1026,496,5
"602",2021-08-23,"Malaysia",17672,174,1572765,14342,19053,1297723,1040,502,8
"603",2021-08-24,"Malaysia",20837,211,1593602,14553,18613,1316336,1063,511,22
"604",2021-08-25,"Malaysia",22642,265,1616244,14818,20798,1337134,1003,490,5
"605",2021-08-26,"Malaysia",24599,393,1640843,15211,22657,1359791,990,487,8
"606",2021-08-27,"Malaysia",22070,339,1662913,15550,21877,1381668,982,470,15
"607",2021-08-28,"Malaysia",22597,252,1685510,15802,19492,1401160,986,451,12
"608",2021-08-29,"Malaysia",20579,285,1706089,16087,20845,1422005,1009,477,7
"609",2021-08-30,"Malaysia",19268,295,1725357,16382,21257,1443262,1033,476,16
"610",2021-08-31,"Malaysia",18465,282,1746254,16664,18465,1461727,1005,464,1
"611",2021-09-01,"Malaysia",18762,278,1765016,16532,21073,1482800,1007,464,5
"612",2021-09-02,"Malaysia",20988,249,1786004,17191,23473,1506273,1001,470,1
"613",2021-09-03,"Malaysia",19378,330,1805382,17521,22399,1528672,975,463,14
"614",2021-09-04,"Malaysia",19057,362,1824439,17883,21582,1550254,978,460,10
"615",2021-09-05,"Malaysia",20396,336,1844835,18219,20573,1570827,959,436,8
"616",2021-09-06,"Malaysia",17352,272,1862187,18491,20201,1591028,975,435,8
"617",2021-09-07,"Malaysia",18547,311,1880734,18802,18902,1609930,977,447,18
"618",2021-09-08,"Malaysia",19733,361,1900467,19163,22701,1632631,904,430,3
"619",2021-09-09,"Malaysia",19307,323,1919774,19486,24855,1657486,967,464,6
"620",2021-09-10,"Malaysia",21176,341,1940950,19827,21476,1678962,935,455,4
"621",2021-09-11,"Malaysia",19550,592,1960500,20419,21771,1700733,936,453,7
"622",2021-09-12,"Malaysia",19198,292,1979698,20711,20980,1721713,960,444,5
"623",2021-09-13,"Malaysia",16073,413,1995771,21124,24813,1746526,967,444,21
"624",2021-09-14,"Malaysia",15669,463,2011440,21587,18053,1764579,954,432,17
"625",2021-09-15,"Malaysia",19495,422,2030935,22009,18760,1783339,911,414,11
"626",2021-09-16,"Malaysia",18815,346,2049750,22355,16939,1800278,913,422,7
"627",2021-09-17,"Malaysia",17577,388,2067327,22743,22970,1823248,891,410,3
"628",2021-09-18,"Malaysia",15549,324,2082876,23067,17205,1840453,888,401,5
"629",2021-09-19,"Malaysia",14954,376,2097830,23443,23469,1863922,882,401,11
"630",2021-09-20,"Malaysia",14345,301,2112175,23744,16814,1880736,906,407,43
"631",2021-09-21,"Malaysia",15759,334,2127934,24078,16650,1897386,844,377,27
"632",2021-09-22,"Malaysia",14990,487,2142924,24565,19702,1917088,882,393,5
"633",2021-09-23,"Malaysia",13754,116,2156678,24681,16628,1933716,868,387,4
"634",2021-09-24,"Malaysia",14554,250,2171232,24931,16751,1950467,1049,599,9
"635",2021-09-25,"Malaysia",13899,228,2185131,25159,18074,1968541,847,359,6
"636",2021-09-26,"Malaysia",13104,278,2198235,25437,20971,1989512,850,365,8
"637",2021-09-27,"Malaysia",10959,258,2209194,25695,16430,2005942,862,378,12
"638",2021-09-28,"Malaysia",11332,240,2220526,25935,14160,2020099,848,369,23
"639",2021-09-29,"Malaysia",12434,208,2232960,26143,17000,2037099,871,378,8
"640",2021-09-30,"Malaysia",12735,192,2245695,26335,17725,2054824,849,387,17
"641",2021-10-01,"Malaysia",11889,121,2257584,26456,15891,2070715,850,380,14
"642",2021-10-02,"Malaysia",10915,109,2268499,26565,15396,2086111,832,354,7
"643",2021-10-03,"Malaysia",9066,118,2277565,26683,14454,2100565,815,355,12
"644",2021-10-04,"Malaysia",8075,76,2285640,26759,15456,2116021,807,342,6
"645",2021-10-05,"Malaysia",8817,117,2294457,26876,15615,2131636,815,332,14
"646",2021-10-06,"Malaysia",9380,105,2303837,26981,13045,2144681,800,348,13
"647",2021-10-07,"Malaysia",9890,132,2313727,27113,12884,2157565,827,336,18
"648",2021-10-08,"Malaysia",9751,78,2323478,27191,12724,2170289,715,302,15
"649",2021-10-09,"Malaysia",8743,74,2332221,27265,14422,2184711,714,304,14
"650",2021-10-10,"Malaysia",7373,64,2339594,27329,10959,2195669,702,293,2
"651",2021-10-11,"Malaysia",6709,93,2346303,27422,10833,2206502,702,298,6
"652",2021-10-12,"Malaysia",7276,103,2353579,27525,10555,2217057,683,297,10
"653",2021-10-13,"Malaysia",7950,68,2361529,27593,10832,2227889,710,304,29
"654",2021-10-14,"Malaysia",8084,88,2369613,27681,12456,2240345,702,286,21
"655",2021-10-15,"Malaysia",7420,89,2377033,27770,11413,2251758,635,282,17
"656",2021-10-16,"Malaysia",7509,88,2384542,27858,9531,2261289,630,281,16
"657",2021-10-17,"Malaysia",6145,63,2390687,27921,9231,2270520,640,281,12
"658",2021-10-18,"Malaysia",5434,72,2396121,27993,8435,2278955,622,286,5
"659",2021-10-19,"Malaysia",5745,69,2401866,28062,8933,2287888,609,280,12
"660",2021-10-20,"Malaysia",5516,76,2407382,28138,9401,2297289,572,241,14
"661",2021-10-21,"Malaysia",6210,96,2413592,28234,7562,2303583,501,205,42
"662",2021-10-22,"Malaysia",6630,78,2420222,28312,7630,2311213,521,230,15
"663",2021-10-23,"Malaysia",5828,42,2426050,28354,9178,2320391,533,229,7
"664",2021-10-24,"Malaysia",5666,46,2431716,28400,6978,2327369,522,222,20
"665",2021-10-25,"Malaysia",4782,92,2436498,28492,7414,2334783,514,217,15
"666",2021-10-26,"Malaysia",5726,84,2442224,28576,5607,2340390,512,219,15
"667",2021-10-27,"Malaysia",6148,98,2448372,28674,7595,2347985,495,211,21
"668",2021-10-28,"Malaysia",6377,95,2454749,28769,6637,2354622,500,207,32
"669",2021-10-29,"Malaysia",6060,63,2460809,28832,7297,2361919,492,208,13
"670",2021-10-30,"Malaysia",5854,44,2466663,28876,6715,2368634,503,216,13
"671",2021-10-31,"Malaysia",4979,36,2471642,28912,6127,2374761,501,220,23
"672",2021-11-01,"Malaysia",4626,63,2476268,28975,5299,2380060,503,213,6
"673",2021-11-02,"Malaysia",5071,70,2481339,29045,5372,2385432,498,207,15
"674",2021-11-03,"Malaysia",5291,46,2486630,29091,4947,2390379,534,214,7
"675",2021-11-04,"Malaysia",5713,64,2492343,29155,5865,2396244,519,218,32
"676",2021-11-05,"Malaysia",4922,47,2497265,29202,5579,2401823,529,214,10
"677",2021-11-06,"Malaysia",4701,54,2501966,29256,5382,2407205,527,212,28
"678",2021-11-07,"Malaysia",4343,35,2506309,29291,5190,2412395,518,212,9
"679",2021-11-08,"Malaysia",4543,58,2510852,29349,7348,2419743,529,205,15
"680",2021-11-09,"Malaysia",5403,78,2516255,29427,5311,2424054,504,199,25
"681",2021-11-10,"Malaysia",6243,59,2522498,29486,5068,2430122,504,196,24
"682",2021-11-11,"Malaysia",6323,49,2528821,29535,5337,2435459,503,191,25
"683",2021-11-12,"Malaysia",6026,41,2535338,29576,6517,2441485,485,194,16
"684",2021-11-13,"Malaysia",5809,51,2541147,29627,4712,2446197,484,193,27
"685",2021-11-14,"Malaysia",5162,45,2546309,29672,5019,2451216,486,197,11
"686",2021-11-15,"Malaysia",5143,53,2551452,29725,4551,2455767,474,192,13
"687",2021-11-16,"Malaysia",5413,40,2556865,29765,6013,2461780,458,184,17
"688",2021-11-17,"Malaysia",6288,68,2563153,29833,4743,2466523,440,172,22
"689",2021-11-18,"Malaysia",6380,55,2569533,29888,5760,2472283,452,169,28
"690",2021-11-19,"Malaysia",6355,45,2575888,29933,5031,2477314,436,173,31
"691",2021-11-20,"Malaysia",5859,41,2581747,29974,4970,2482284,420,169,19
"692",2021-11-21,"Malaysia",4854,24,2586601,29998,5525,2487809,420,175,12
"693",2021-11-22,"Malaysia",4885,63,2591486,30061,5628,2493437,437,184,18
"694",2021-11-23,"Malaysia",5594,47,2597080,30108,4908,2498345,424,168,24
"695",2021-11-24,"Malaysia",5755,37,2602835,30145,5082,2503427,426,158,23
"696",2021-11-25,"Malaysia",6144,48,2608879,30193,6602,2510029,443,157,12
"697",2021-11-26,"Malaysia",5501,45,2614480,30238,6664,2516693,445,167,25
"698",2021-11-27,"Malaysia",5097,40,2619577,30278,5352,2522045,423,171,17
"699",2021-11-28,"Malaysia",4239,29,2623816,30307,5007,2527052,418,173,12
"700",2021-11-29,"Malaysia",4087,61,2627903,30368,4984,2532036,401,175,21
"701",2021-11-30,"Malaysia",4879,55,2632782,30423,5168,2537204,394,172,24
"702",2021-12-01,"Malaysia",5439,49,2638221,30472,6803,2544007,400,161,21
"703",2021-12-02,"Malaysia",5806,47,2644027,30519,7246,2551253,368,145,11
"704",2021-12-03,"Malaysia",5551,17,2649578,30536,5301,2556554,362,157,23
"705",2021-12-04,"Malaysia",4896,36,2654474,30572,4676,2561230,358,155,18
"706",2021-12-05,"Malaysia",4298,40,2658772,30612,4929,2566159,378,172,23
"707",2021-12-06,"Malaysia",4262,38,2663034,30650,5894,2572053,359,163,15
"708",2021-12-07,"Malaysia",4965,66,2667999,30716,4817,2576870,375,167,29
"709",2021-12-08,"Malaysia",5020,28,2673019,30744,4525,2581395,359,159,17
"710",2021-12-09,"Malaysia",5446,41,2678465,30785,5427,2586822,324,147,20
"711",2021-12-10,"Malaysia",5058,44,2683523,30829,4997,2591819,353,151,17
"712",2021-12-11,"Malaysia",4626,31,2688149,30860,4690,2596509,344,146,20
"713",2021-12-12,"Malaysia",3490,17,2691639,30877,5399,2601908,341,135,14
"714",2021-12-13,"Malaysia",3504,29,2695143,30906,4401,2606309,325,137,24
"715",2021-12-14,"Malaysia",4097,48,2699240,30954,4301,2610610,330,144,18
"716",2021-12-15,"Malaysia",3900,33,2703140,30987,4552,2615162,304,142,19
"717",2021-12-16,"Malaysia",4262,37,2707402,31024,4985,2620147,284,135,36
"718",2021-12-17,"Malaysia",4362,18,2711764,31042,5098,2625245,315,143,28
"719",2021-12-18,"Malaysia",4083,29,2715847,31071,5435,2630680,314,145,34
"720",2021-12-19,"Malaysia",3108,19,2718955,31090,3701,2634381,326,143,37
"721",2021-12-20,"Malaysia",2589,43,2721544,31133,3810,2638191,307,142,46
"722",2021-12-21,"Malaysia",3140,57,2724684,31190,4278,2642469,275,125,58
"723",2021-12-22,"Malaysia",3519,29,2728203,31219,5118,2647587,263,122,100
"724",2021-12-23,"Malaysia",3510,44,2731713,31263,4998,2652585,255,121,95
"725",2021-12-24,"Malaysia",3528,25,2735241,31288,4489,2657074,261,117,103
"726",2021-12-25,"Malaysia",3160,25,2738401,31313,4421,2661495,253,107,156
"727",2021-12-26,"Malaysia",2778,19,2741179,31332,3539,2665034,244,101,129
"728",2021-12-27,"Malaysia",2757,35,2743936,31367,4620,2669654,247,96,163
"729",2021-12-28,"Malaysia",2897,23,2746833,31390,3434,2673084,244,94,192
"730",2021-12-29,"Malaysia",3683,36,2750516,31426,4322,2677406,216,75,239
"731",2021-12-30,"Malaysia",3997,34,2754513,31460,3984,2681390,213,77,366
"732",2021-12-31,"Malaysia",3573,25,2758086,31485,3988,2685378,217,83,343
"733",2022-01-01,"Malaysia",3386,26,2761472,31511,3547,2688925,202,86,346
"734",2022-01-02,"Malaysia",2882,19,2764354,31530,3291,2692216,191,82,333
"735",2022-01-03,"Malaysia",2690,28,2767044,31558,3535,2695751,188,81,300
"736",2022-01-04,"Malaysia",2842,31,2769886,31589,2862,2698613,196,82,332
"737",2022-01-05,"Malaysia",3270,18,2773156,31607,3195,2701808,197,89,252
"738",2022-01-06,"Malaysia",3543,19,2776699,31626,3484,2705292,203,86,364
"739",2022-01-07,"Malaysia",3381,16,2780080,31642,3447,2708739,220,114,319
"740",2022-01-08,"Malaysia",3251,11,2783331,31653,3161,2711900,211,77,299
"741",2022-01-09,"Malaysia",2888,23,2786219,31676,2714,2714614,206,73,323
"742",2022-01-10,"Malaysia",2641,18,2788860,31694,2808,2717422,211,74,338
"743",2022-01-11,"Malaysia",3175,27,2792035,31721,2977,2720399,200,68,272
"744",2022-01-12,"Malaysia",3198,15,2795233,31736,3200,2723599,185,65,303
"745",2022-01-13,"Malaysia",3684,12,2798917,31748,3292,2726891,178,70,321
"746",2022-01-14,"Malaysia",3346,12,2802263,31760,3052,2729943,159,64,267
"747",2022-01-15,"Malaysia",3074,19,2805337,31779,2828,2732771,158,61,319
"748",2022-01-16,"Malaysia",3010,12,2808347,31791,2584,2735355,146,58,263
"749",2022-01-17,"Malaysia",2162,16,2810509,31807,2342,2810689,132,52,180
"750",2022-01-18,"Malaysia",3245,9,2813934,31816,3093,2741355,128,52,274
"751",2022-01-19,"Malaysia",3229,13,2817163,31829,2848,2744203,133,55,239
"752",2022-01-20,"Malaysia",3764,22,2820927,31851,3254,2747457,125,55,522
"753",2022-01-21,"Malaysia",4046,16,2824973,31867,2804,2750261,120,49,489
"754",2022-01-22,"Malaysia",4116,14,2829089,31881,2858,2753119,116,44,398
"755",2022-01-23,"Malaysia",3856,9,2832495,31890,2814,2755933,121,43,492
"756",2022-01-24,"Malaysia",3214,10,2836159,31900,3116,2759049,112,40,406
"757",2022-01-25,"Malaysia",4066,16,2840225,31916,3559,2762608,113,46,442
"758",2022-01-26,"Malaysia",4744,12,2844969,31928,3646,2766254,110,48,429
"759",2022-01-27,"Malaysia",5439,10,2850408,31938,4409,2770663,101,47,332
"760",2022-01-28,"Malaysia",5522,12,2855930,31950,3285,2773948,102,48,373
"761",2022-01-29,"Malaysia",5139,5,2861069,31955,3767,2777715,102,50,226
"762",2022-01-30,"Malaysia",4915,8,2865984,31963,3056,2780771,103,50,188
"763",2022-01-31,"Malaysia",4774,13,2870758,31976,3232,2784003,106,50,152
"764",2022-02-01,"Malaysia",5566,7,2876324,31983,3187,2787190,90,40,227
"765",2022-02-02,"Malaysia",5736,7,2882060,31990,3196,2790386,89,41,183
"766",2022-02-03,"Malaysia",5720,8,2887780,31998,3968,2794354,85,39,130
"767",2022-02-04,"Malaysia",7234,11,2895014,32009,5254,2799608,81,34,234
"768",2022-02-05,"Malaysia",9117,14,2904131,32023,6546,2806154,81,34,134
"769",2022-02-06,"Malaysia",10089,9,2914220,32032,6460,2812614,83,35,143
"770",2022-02-07,"Malaysia",11034,9,2925254,32041,6036,2818650,84,38,77
"771",2022-02-08,"Malaysia",13944,13,2939198,32054,5421,2824071,81,34,153
"772",2022-02-09,"Malaysia",17134,9,2956332,32063,5681,2829752,83,35,130
"773",2022-02-10,"Malaysia",19090,10,2975422,32073,5721,2835464,86,35,134
"774",2022-02-11,"Malaysia",20939,24,2996361,32097,5807,2841271,86,37,121
"775",2022-02-12,"Malaysia",22802,15,3019163,32112,5442,2846713,82,40,94
"776",2022-02-13,"Malaysia",21072,11,3040235,32123,5724,2852437,98,47,65
"777",2022-02-14,"Malaysia",21315,24,3061550,32147,8517,2860954,94,47,81
"778",2022-02-15,"Malaysia",22133,31,3083683,32178,7584,2868538,103,55,80
"779",2022-02-16,"Malaysia",27831,21,3111514,32199,7912,2876450,105,53,118
"780",2022-02-17,"Malaysia",26701,39,3138215,32238,11744,2888194,216,141,132
"781",2022-02-18,"Malaysia",27808,36,3166023,32274,12488,2900682,235,132,119
"782",2022-02-19,"Malaysia",28825,34,3194848,32308,18514,2919196,238,130,91
"783",2022-02-20,"Malaysia",26832,37,3221680,32345,18459,2937655,247,139,68
"784",2022-02-21,"Malaysia",25099,43,3246779,32388,17749,2955404,272,164,85
"785",2022-02-22,"Malaysia",27179,43,3273958,32431,19037,2974441,286,180,120
"786",2022-02-23,"Malaysia",31199,55,3305157,32486,20399,2994840,305,191,119
"787",2022-02-24,"Malaysia",32070,46,3337227,32532,23332,3018172,327,201,209
"788",2022-02-25,"Malaysia",30644,57,3367871,32589,22678,3040850,348,196,257
"789",2022-02-26,"Malaysia",27299,43,3395170,32632,22710,3063560,332,203,256
"790",2022-02-27,"Malaysia",24466,40,3419636,32672,22710,3086270,353,193,246
"791",2022-02-28,"Malaysia",23100,75,3442736,32747,30624,3116894,361,193,298
"792",2022-03-01,"Malaysia",25854,78,3468590,32825,25548,3142442,374,213,484
"793",2022-03-02,"Malaysia",27500,115,3496090,32940,27557,3169999,360,194,428
"794",2022-03-03,"Malaysia",32467,86,3528557,33026,27629,3197628,355,208,413
"795",2022-03-04,"Malaysia",33209,78,3561766,33104,26352,3223980,348,211,441
"796",2022-03-05,"Malaysia",33406,67,3595172,33171,27143,3251123,371,226,342
"797",2022-03-06,"Malaysia",27435,55,3622607,33226,30335,3281458,379,216,254
"798",2022-03-07,"Malaysia",26856,77,3649463,33303,30726,3312184,368,223,211
"799",2022-03-08,"Malaysia",31940,79,3681403,33382,29035,3341219,373,223,473
"800",2022-03-09,"Malaysia",30246,113,3711649,33495,26653,3367872,388,225,418
"801",2022-03-10,"Malaysia",30787,70,3742436,33565,26547,3394419,389,231,608
"802",2022-03-11,"Malaysia",32800,76,3775236,33641,24444,3418863,380,229,541
"803",2022-03-12,"Malaysia",26250,77,3801486,33718,25089,3443952,367,211,545
"804",2022-03-13,"Malaysia",22535,87,3824021,33805,25356,3469308,384,222,361
"805",2022-03-14,"Malaysia",22030,92,3846051,33897,33872,3503180,388,215,394
"806",2022-03-15,"Malaysia",26534,95,3872585,33992,31234,3534414,376,222,691
"807",2022-03-16,"Malaysia",28298,105,3900883,34097,33009,3567423,374,233,698
"808",2022-03-17,"Malaysia",27004,86,3927887,34183,29450,3596873,373,225,719
"809",2022-03-18,"Malaysia",24241,59,3952128,34242,26615,3623488,383,222,521
"810",2022-03-19,"Malaysia",22341,85,3974469,34327,33347,3656835,390,219,524
"811",2022-03-20,"Malaysia",19105,71,3993574,34398,28250,3685085,371,203,386
"812",2022-03-21,"Malaysia",17828,63,4011402,34461,28003,3713088,358,199,407
"813",2022-03-22,"Malaysia",21843,73,4033245,34534,32561,3745649,339,209,394
"814",2022-03-23,"Malaysia",22491,65,4055736,34599,26234,3771883,332,189,382
"815",2022-03-24,"Malaysia",24316,64,4080052,34663,25512,3797395,321,194,297
"816",2022-03-25,"Malaysia",21839,52,4101891,34715,22324,3819719,291,188,287
"817",2022-03-26,"Malaysia",20923,34,4122814,34749,25467,3845186,302,198,228
"818",2022-03-27,"Malaysia",16863,38,4139677,34787,26171,3871357,299,187,238
"819",2022-03-28,"Malaysia",13336,54,4153013,34841,25552,3896909,288,185,189
"820",2022-03-29,"Malaysia",15215,64,4168228,34905,24154,3921063,282,176,250
"821",2022-03-30,"Malaysia",15941,33,4184169,34938,21186,3942249,275,168,168
"822",2022-03-31,"Malaysia",18560,44,4202729,34982,18253,3960502,267,164,187
"823",2022-04-01,"Malaysia",17476,30,4220205,35012,17321,3977823,263,162,164
"824",2022-04-02,"Malaysia",14692,56,4234897,35068,20383,3998206,261,153,218
"825",2022-04-03,"Malaysia",12380,30,4247277,35098,20635,4018841,253,157,462
"826",2022-04-04,"Malaysia",10002,28,4257279,35126,23302,4042143,236,140,98
"827",2022-04-05,"Malaysia",12017,33,4269296,35159,20431,4062574,234,131,59
"828",2022-04-06,"Malaysia",12105,32,4281401,35191,21029,4083603,221,122,43
"829",2022-04-07,"Malaysia",11994,36,4293395,35227,16603,4100206,197,108,25
"830",2022-04-08,"Malaysia",14944,31,4308339,35258,14045,4114251,206,109,104
"831",2022-04-09,"Malaysia",10177,21,4318516,35279,15132,4129383,195,108,53
"832",2022-04-10,"Malaysia",8112,12,4326628,35291,15765,4145148,174,110,25
"833",2022-04-11,"Malaysia",7739,19,4334367,35310,19049,4164197,174,102,23
"834",2022-04-12,"Malaysia",9002,30,4343369,35340,16986,4181183,151,97,52
"835",2022-04-13,"Malaysia",10052,22,4353421,35362,15893,4197076,161,99,21
"836",2022-04-14,"Malaysia",10413,18,4363834,35380,13202,4210278,154,89,27
"837",2022-04-15,"Malaysia",9673,16,4373507,35396,14267,4224545,152,87,25
"838",2022-04-16,"Malaysia",9705,12,4383212,35408,14346,4238891,134,81,30
"839",2022-04-17,"Malaysia",6623,12,4389835,35420,11233,4250124,126,76,13
"840",2022-04-18,"Malaysia",7140,16,4396975,35436,14423,4264547,110,68,264
"841",2022-04-19,"Malaysia",6069,12,4403044,35448,10619,4275166,97,64,110
"842",2022-04-20,"Malaysia",6968,16,4410012,35464,8267,4283433,97,63,32
"843",2022-04-21,"Malaysia",5899,5,4415911,35469,8434,4291867,92,61,16
"844",2022-04-22,"Malaysia",6342,12,4422253,35481,9111,4300978,91,61,20
"845",2022-04-23,"Malaysia",5624,9,4427877,35490,10041,4311019,89,57,17
